[{"model": "products.category", "pk": 11, "fields": {"name": "Processors", "friendly_name": "Processors"}}, {"model": "products.category", "pk": 14, "fields": {"name": "Monitors", "friendly_name": "Monitors"}}, {"model": "products.category", "pk": 15, "fields": {"name": "Ram", "friendly_name": "Ram"}}, {"model": "products.category", "pk": 16, "fields": {"name": "graphicscards", "friendly_name": "graphicscards"}}, {"model": "products.product", "pk": 176, "fields": {"category": 11, "sku": "PRO-1", "name": "Intel Core i9-12900K", "description": "Intel Core i9-12900K - Core i9 12th Gen Alder Lake 16-Core (8P+8E) 3.2 GHz LGA 1700 125W Intel UHD Graphics 770 Desktop Processor - BX8071512900K", "price": "595.00", "rating": null, "image_url": null, "image": "intel-corei912900kcorei912th-gen.jpg"}}, {"model": "products.product", "pk": 177, "fields": {"category": 11, "sku": "PRO-2", "name": "Intel Core i9-11900K", "description": "Intel Core i9-11900K - Core i9 11th Gen Rocket Lake 8-Core 3.5 GHz LGA 1200 125W Intel UHD Graphics 750 Desktop Processor - BX8070811900K", "price": "391.00", "rating": null, "image_url": null, "image": "intel-core-i9-11900k-core-i9-11th-gen.jpg"}}, {"model": "products.product", "pk": 178, "fields": {"category": 11, "sku": "PRO-3", "name": "Intel Core i9-10850K", "description": "Intel Core i9-10850K Comet Lake 10-Core 3.6 GHz LGA 1200 125W Desktop Processor Intel UHD Graphics 630 - BX8070110850K", "price": "349.00", "rating": null, "image_url": null, "image": "intel-core-i9-10850k-core-i9-10th-gen.jpg"}}, {"model": "products.product", "pk": 179, "fields": {"category": 11, "sku": "PRO-4", "name": "Intel Core i9-12900KS", "description": "Intel Core i9-12900KS - Core i9 12th Gen Alder Lake 16-Core (8P+8E) 3.4 GHz LGA 1700 150W Intel UHD Graphics 770 Desktop Processor - BX8071512900KS", "price": "734.00", "rating": null, "image_url": null, "image": "intel-core-i9-12900ks-core-i9-12th-gen.jpg"}}, {"model": "products.product", "pk": 180, "fields": {"category": 11, "sku": "PRO-5", "name": "Intel Core i9-10900 - Core i9", "description": "Intel Core i9-10900 - Core i9 10th Gen Comet Lake 10-Core 2.8 GHz LGA 1200 65W Intel UHD Graphics 630 Desktop Processor - BX8070110900", "price": "379.00", "rating": null, "image_url": null, "image": "intel-core-i9-10900-core-i9-10th-gen.jpg"}}, {"model": "products.product", "pk": 181, "fields": {"category": 11, "sku": "PRO-6", "name": "AMD Ryzen 9 5900X", "description": "AMD Ryzen 9 5900X - Ryzen 9 5000 Series Vermeer (Zen 3) 12-Core 3.7 GHz Socket AM4 105W Desktop Processor - 100-100000061WOF", "price": "399.00", "rating": null, "image_url": null, "image": "amd-ryzen-9-5900x.jpg"}}, {"model": "products.product", "pk": 182, "fields": {"category": 11, "sku": "PRO-7", "name": "AMD Ryzen 9 5950X", "description": "AMD Ryzen 9 5950X - Ryzen 9 5000 Series Vermeer (Zen 3) 16-Core 3.4 GHz Socket AM4 105W Desktop Processor - 100-100000059WOF", "price": "554.00", "rating": null, "image_url": null, "image": "amd-ryzen-9-5950x_9IrUPKM.jpg"}}, {"model": "products.product", "pk": 183, "fields": {"category": 11, "sku": "PRO-8", "name": "AMD Ryzen 9 3950X", "description": "AMD Ryzen 9 3950X - Ryzen 9 3rd Gen 16-Core 3.5 GHz Socket AM4 105W Desktop Processor - 100-100000051WOF", "price": "1100.00", "rating": null, "image_url": null, "image": "amd-ryzen-9-3950x.jpg"}}, {"model": "products.product", "pk": 184, "fields": {"category": 11, "sku": "PRO-9", "name": "AMD Ryzen 9 3900X", "description": "AMD Ryzen 9 3900X - Ryzen 9 3rd Gen Matisse (Zen 2) 12-Core 3.8 GHz Socket AM4 105W Desktop Processor - 100-100000023BOX", "price": "545.00", "rating": null, "image_url": null, "image": "amd-ryzen-9-3900x-ryzen-9-3rd-gen.jpg"}}, {"model": "products.product", "pk": 185, "fields": {"category": 11, "sku": "PRO-10", "name": "AMD Ryzen 5 5500", "description": "AMD Ryzen 5 5500 - Ryzen 5 5000 Series 6-Core Socket AM4 65W Desktop Processor - 100-100000457BOX", "price": "138.00", "rating": null, "image_url": null, "image": "amd-ryzen-5-5500-ryzen-5-5000-series.jpg"}}, {"model": "products.product", "pk": 186, "fields": {"category": 14, "sku": "M-1", "name": "Z-EDGE UG27P 27\"", "description": "Z-EDGE UG27P 27\" 1080P Curved Gaming Monitor, 240Hz, 1ms, 350cd/m², HDR10, FreeSync, 2 x HDMI 2.0, 2 x DisplayPort 1.2, Built-in Speakers, with RGB Breathing Light", "price": "259.00", "rating": null, "image_url": null, "image": "black-z-edge-gaming-monitor-ug32p-27.jpg"}}, {"model": "products.product", "pk": 187, "fields": {"category": 14, "sku": "M-2", "name": "AOC 27G2E 27\"", "description": "AOC 27G2E 27\" 16:9 Full HD 1920 x 1080 144Hz IPS Gaming Monitor with FreeSync, Black & Red", "price": "149.00", "rating": null, "image_url": null, "image": "1B4-00MJ-00090.jpg"}}, {"model": "products.product", "pk": 188, "fields": {"category": 14, "sku": "M-3", "name": "Z-EDGE UG30 30\"", "description": "Z-EDGE UG30 30\" Ultrawide 21:9 WFHD 2560x1080 200Hz 1ms Curved Gaming Monitor, FreeSync, HDR10, 2 x HDMI + DisplayPort + USB, with RGB Light, VESA Mountable, Built-in Speakers", "price": "289.00", "rating": null, "image_url": null, "image": "black-z-edge-gaming-monitor-ug30-30_T6fO1Ip.jpg"}}, {"model": "products.product", "pk": 189, "fields": {"category": 14, "sku": "M-4", "name": "Z-EDGE UG32P 32\"", "description": "Z-EDGE UG32P 32\" 1080P Curved Gaming Monitor, 240Hz, 1ms, HDR10, FreeSync, HDMI x2, DisplayPort x1, USB x1, Built-in Speakers, VESA Mountable, with RGB Breathing Light", "price": "309.00", "rating": null, "image_url": null, "image": "black-z-edge-gaming-monitor-ug32p-32.jpg"}}, {"model": "products.product", "pk": 191, "fields": {"category": 14, "sku": "M-6", "name": "VIOTEK GFV24CB 24 Inch", "description": "VIOTEK GFV24CB 24 Inch 165Hz Gaming Monitor (Supports 144hz) 1920 x 1080p FHD High Color VA Panel Display Near Bezelless  GSYNC, FreeSync, DisplayPort, HDMI, VESA", "price": "149.00", "rating": null, "image_url": null, "image": "VIOTEK-GFV24CB-24_Inch_dU3ZiOg.jpg"}}, {"model": "products.product", "pk": 192, "fields": {"category": 14, "sku": "M-7", "name": "ASUS VG248QG 24", "description": "ASUS VG248QG 24\" G-Sync Gaming Monitor 165Hz 1080p 0.5ms Eye Care with DP HDMI DVI", "price": "189.00", "rating": null, "image_url": null, "image": "ASUS-VG248QG-24.jpg"}}, {"model": "products.product", "pk": 193, "fields": {"category": 14, "sku": "M-8", "name": "AOC G2490VX 24\"", "description": "AOC G2490VX 24\" Class  Gaming Monitor, FHD 1920x1080, 1ms 144Hz, FreeSync Premium, 126% sRGB / 93% DCI-P3, 3Yr Re-Spawned Zero Dead Pixels, Black", "price": "150.00", "rating": null, "image_url": null, "image": "AOC-G2490VX-24.jpg"}}, {"model": "products.product", "pk": 194, "fields": {"category": 14, "sku": "M-9", "name": "LG 24GN600-B Ultragear Gaming Monitor 24\"", "description": "LG 24GN600-B Ultragear Gaming Monitor 24\" Full HD (1920 x 1080) IPS Display, 1ms (GtG) Response Time, 144Hz Refresh Rate, AMD FreeSync Premium, HDR10, 3-Side Virtually Borderless Display", "price": "199.00", "rating": null, "image_url": null, "image": "LG-24GN600-B.jpg"}}, {"model": "products.product", "pk": 196, "fields": {"category": 14, "sku": "M-10", "name": "Pixio PX243 24 inch", "description": "Pixio PX243 24 inch 165Hz (144Hz Supported) 1ms MPRT VA FHD 1080p AMD Radeon FreeSync Esports Gaming Monitor", "price": "160.00", "rating": null, "image_url": null, "image": "Pixio-PX243-24.jpg"}}, {"model": "products.product", "pk": 197, "fields": {"category": 15, "sku": "R-1", "name": "CORSAIR Dominator Platinum RGB 32GB", "description": "CORSAIR Dominator Platinum RGB 32GB (2 x 16GB) 288-Pin PC RAM DDR5 5600 (PC5 44800) Intel XMP 3.0 Desktop Memory Model CMT32GX5M2B5600C36", "price": "349.00", "rating": null, "image_url": null, "image": "corsair-32gb-288-pin-ddr5-sdram.jpg"}}, {"model": "products.product", "pk": 198, "fields": {"category": 15, "sku": "R-2", "name": "CORSAIR Dominator Platinum RGB 32GB", "description": "CORSAIR Dominator Platinum RGB 32GB (2 x 16GB) 288-Pin PC RAM DDR5 5600 (PC5 44800) Intel XMP 3.0 Desktop Memory Model CMT32GX5M2B5600C36W", "price": "314.00", "rating": null, "image_url": null, "image": "corsair-32gb-288.jpg"}}, {"model": "products.product", "pk": 199, "fields": {"category": 15, "sku": "R-3", "name": "CORSAIR Vengeance 16gb", "description": "CORSAIR Vengeance RGB Pro 16GB (2 x 8GB) 288-Pin PC RAM DDR4 3200 (PC4 25600) Desktop Memory Model CMW16GX4M2C3200C16", "price": "79.00", "rating": null, "image_url": null, "image": "corsair-16gb-288-pin-ddr4-sdram.jpg"}}, {"model": "products.product", "pk": 200, "fields": {"category": 15, "sku": "R-4", "name": "G.SKILL Ripjaws V Series 16GB", "description": "G.SKILL Ripjaws V Series 16GB (2 x 8GB) 288-Pin PC RAM DDR4 3600 (PC4 28800) Intel XMP 2.0 Desktop Memory Model F4-3600C16D-16GVKC", "price": "68.00", "rating": null, "image_url": null, "image": "g-skill-16gb-288-pin-ddr4-sdram.jpg"}}, {"model": "products.product", "pk": 201, "fields": {"category": 15, "sku": "R-5", "name": "OLOy Blade RGB 16GB", "description": "OLOy Blade RGB 16GB (2 x 8GB) 288-Pin PC RAM DDR5 5600 (PC5 44800) Intel XMP 3.0 Desktop Memory Model ND5U0856360BRSDE", "price": "172.00", "rating": null, "image_url": null, "image": "oloy-16gb-288-pin-ddr5-sdram.jpg"}}, {"model": "products.product", "pk": 202, "fields": {"category": 15, "sku": "R-6", "name": "CORSAIR Vengeance RGB RT 64GB", "description": "CORSAIR Vengeance RGB RT 64GB (2 x 32GB) 288-Pin DDR4 SDRAM DDR4 3200 (PC4 25600) AMD Optimized Desktop Memory Model CMN64GX4M2Z3200C16W", "price": "250.00", "rating": null, "image_url": null, "image": "corsair-64gb-288-pin-ddr4-sdram.jpg"}}, {"model": "products.product", "pk": 203, "fields": {"category": 15, "sku": "R-7", "name": "CORSAIR Vengeance LPX 16GB", "description": "CORSAIR Vengeance LPX 16GB (2 x 8GB) 288-Pin PC RAM DDR4 3200 (PC4 25600) Intel XMP 2.0 Desktop Memory Model CMK16GX4M2B3200C16R", "price": "60.00", "rating": null, "image_url": null, "image": "corsair-16gb-288-pin-ddr4.jpg"}}, {"model": "products.product", "pk": 204, "fields": {"category": 16, "sku": "GPU-1", "name": "GIGABYTE GeForce RTX 3050 8G", "description": "GIGABYTE GeForce RTX 3050 GAMING OC 8G Graphics Card, 3x WINDFORCE Fans, 8GB GDDR6 128-bit GDDR6, GV-N3050GAMING OC-8GD graphics card.\r\n\r\n\r\n2nd Generation RT Cores\r\n3rd Generation Tensor Cores\r\nPowered by GeForce RTX 3050\r\nIntegrated with 8GB GDDR6 128-bit memory interface\r\nWINDFORCE 3X Cooling System with alternate spinning fans\r\nRGB Fusion 2.0\r\nProtective back plate\r\n2x HDMI 2.1, 2x Display Port 1.4a", "price": "349.00", "rating": null, "image_url": null, "image": "gigabyte-geforce-rtx-3050-gv-n3050gaming-oc-8gd.jpg"}}, {"model": "products.product", "pk": 205, "fields": {"category": 16, "sku": "GPU-2", "name": "Radeon RX 6600 8GB", "description": "XFX SPEEDSTER SWFT 210 Radeon RX 6600 8GB GDDR6 PCI Express 4.0 graphics card  RX-66XL8LFDQ.\r\n\r\n8GB 128-Bit GDDR6\r\nCore Clock 1626 MHz\r\nBoost Clock 2491 MHz\r\n1 x HDMI 2.1 3 x DisplayPort 1.4\r\n1792 Stream cpu\r\nPCI Express 4.0", "price": "298.00", "rating": null, "image_url": null, "image": "xfx-radeon-rx-6600-rx-66xl8lfdq.jpg"}}, {"model": "products.product", "pk": 206, "fields": {"category": 16, "sku": "GPU-3", "name": "EVGA GeForce RTX 3080", "description": "EVGA GeForce RTX 3080 FTW3 ULTRA GAMING graphics card , 10G-P5-3897-KL, 10GB GDDR6X, iCX3 Technology, ARGB LED, Metal Backplate, LHR.\r\n\r\nReal Boost Clock: 1800 MHz; Memory Detail: 10240MB GDDR6X.\r\nReal-Time RAY TRACING in games for cutting-edge, hyper-realistic graphics.\r\nTriple Fans + 9 iCX3 thermal sensors offer higher performance cooling and much quieter acoustic noise.\r\nAll-Metal Backplate & Adjustable ARGB.", "price": "869.00", "rating": null, "image_url": null, "image": "evga-geforce-rtx-3080-10g-p5-3897-kl.jpg"}}, {"model": "products.product", "pk": 207, "fields": {"category": 16, "sku": "GPU-4", "name": "GeForce RTX 3060 12GB", "description": "ASUS ROG Strix GeForce RTX 3060 12GB GDDR6 PCI Express 4.0 graphics card ROG-STRIX-RTX3060-O12G-V2-GAMING.\r\n\r\n12GB 192-Bit GDDR6\r\nBoost Clock OC Mode: 1912 MHz\r\nGaming Mode: 1882 MHz\r\n2 x HDMI 2.1 3 x DisplayPort 1.4a\r\n3584 CUDA Cores\r\nPCI Express 4.0", "price": "499.00", "rating": null, "image_url": null, "image": "asus-geforce-rtx-3060-rog-strix-rtx3060-o12g-v2-gaming.jpg"}}, {"model": "products.product", "pk": 208, "fields": {"category": 16, "sku": "GPU-5", "name": "GeForce RTX 2060", "description": "ASUS GeForce RTX 2060 Overclocked 6G GDDR6 Dual-Fan EVO Edition VR Ready HDMI DisplayPort DVI graphics card (DUAL-RTX2060-O6G-EVO).\r\n\r\nAuto-Extreme Technology uses automation to enhance reliability\r\n6GB 192-Bit GDDR6\r\nCore Clock OC Mode: 1395 MHz\r\nGaming Mode (Default): 1365 MHz\r\nBoost Clock OC Mode: 1785 MHz\r\nGaming Mode (Default): 1755 MHz\r\n1 x DVI-D 2 x HDMI 2.0b 1 x DisplayPort 1.4\r\n1920 CUDA Cores\r\nPCI Express 3.0 x16", "price": "342.00", "rating": null, "image_url": null, "image": "asus-geforce-rtx-2060-dual-rtx2060-o6g-evo.jpg"}}, {"model": "products.product", "pk": 209, "fields": {"category": 16, "sku": "GPU-6", "name": "GeForce RTX 3070 8GB", "description": "GIGABYTE Vision OC GeForce RTX 3070 8GB GDDR6 PCI Express 4.0 ATX graphics card GV-N3070VISION OC-8GD (rev. 2.0) (LHR).\r\n\r\n8GB 256-Bit GDDR6\r\nCore Clock 1815 MHz\r\n2 x HDMI 2.1 2 x DisplayPort 1.4a\r\n5888 CUDA Cores\r\nPCI Express 4.0", "price": "609.00", "rating": null, "image_url": null, "image": "gigabyte-geforce-rtx-3070-gv-n3070vision-oc-8gd.jpg"}}, {"model": "products.product", "pk": 210, "fields": {"category": 16, "sku": "GPU-7", "name": "GeForce RTX 3060 ELITE 12GB", "description": "GIGABYTE AORUS GeForce RTX 3060 ELITE 12GB GDDR6 PCI Express 4.0 ATX graphics card GV-N3060AORUS E-12GD (rev. 2.0) (LHR).\r\n\r\n12GB 192-Bit GDDR6\r\nCore Clock 1867 MHz\r\n2 x HDMI 2.1 2 x DisplayPort 1.4a\r\n3584 CUDA Cores\r\nPCI Express 4.0", "price": "440.00", "rating": null, "image_url": null, "image": "gigabyte-geforce-rtx-3060-gv-n3060aorus-e-12gd.jpg"}}, {"model": "products.product", "pk": 211, "fields": {"category": 16, "sku": "GPU-8", "name": "RTX 3070 STRIX 8GB", "description": "ASUS GeForce RTX 3070 STRIX OC 8GB GDDR6 ROG-STRIX-RTX3070-O8G-GAMING   graphics card GPU.\r\n\r\nBrand: ASUS\r\nType: GeForce\r\nModel: RTX 3070\r\nMemory Size: 8GB GDDR6\r\nVersion: STRIX OC\r\nPart Number: ROG-STRIX-RTX3070-O8G-GAMING\r\nPCIe 4.0 x16\r\nVR Ready", "price": "798.00", "rating": null, "image_url": null, "image": "rtx3070.jpg"}}, {"model": "products.product", "pk": 212, "fields": {"category": 15, "sku": "R-8", "name": "Kingston HyperX Fury 16GB", "description": "Kingston HyperX Fury 16GB (2 x 8GB) DDR4 RAM DDR4 3200MHz PC4-25600 1.2V 288-Pin Desktop Memory RAM.", "price": "55.00", "rating": null, "image_url": null, "image": "kingston-hyperx-16gb.jpg"}}, {"model": "products.review", "pk": 82, "fields": {"product": 176, "content": "bra", "created_by": 2, "created_at": "2022-07-04T19:03:30.838Z", "rating": 5}}, {"model": "products.review", "pk": 83, "fields": {"product": 186, "content": "Bad monitor", "created_by": 2, "created_at": "2022-07-04T20:26:08.315Z", "rating": 1}}, {"model": "products.review", "pk": 86, "fields": {"product": 196, "content": "bad", "created_by": 2, "created_at": "2022-07-04T20:36:06.436Z", "rating": 1}}, {"model": "products.review", "pk": 87, "fields": {"product": 192, "content": "very good", "created_by": 2, "created_at": "2022-07-05T10:59:30.017Z", "rating": 5}}, {"model": "products.review", "pk": 88, "fields": {"product": 212, "content": "cheap and good.", "created_by": 2, "created_at": "2022-07-05T10:59:46.437Z", "rating": 5}}, {"model": "products.review", "pk": 89, "fields": {"product": 197, "content": "expensive and bad", "created_by": 2, "created_at": "2022-07-05T10:59:57.260Z", "rating": 1}}, {"model": "products.review", "pk": 90, "fields": {"product": 211, "content": "very good.", "created_by": 2, "created_at": "2022-07-05T11:00:09.459Z", "rating": 5}}, {"model": "products.review", "pk": 91, "fields": {"product": 204, "content": "bad product.", "created_by": 2, "created_at": "2022-07-05T11:00:21.099Z", "rating": 1}}, {"model": "products.review", "pk": 92, "fields": {"product": 185, "content": "bad product.", "created_by": 2, "created_at": "2022-07-05T11:00:35.269Z", "rating": 1}}, {"model": "products.review", "pk": 93, "fields": {"product": 177, "content": "Okay product.", "created_by": 2, "created_at": "2022-07-06T19:06:05.805Z", "rating": 3}}, {"model": "products.review", "pk": 94, "fields": {"product": 178, "content": "not so good but works", "created_by": 2, "created_at": "2022-07-06T19:06:20.132Z", "rating": 2}}, {"model": "products.review", "pk": 95, "fields": {"product": 205, "content": "very good", "created_by": 2, "created_at": "2022-07-06T19:06:52.584Z", "rating": 5}}, {"model": "products.review", "pk": 96, "fields": {"product": 206, "content": "okay product", "created_by": 2, "created_at": "2022-07-06T19:07:05.386Z", "rating": 3}}, {"model": "products.review", "pk": 97, "fields": {"product": 207, "content": "works", "created_by": 2, "created_at": "2022-07-06T19:07:21.024Z", "rating": 2}}, {"model": "products.review", "pk": 98, "fields": {"product": 187, "content": "okay but not more", "created_by": 2, "created_at": "2022-07-06T19:07:35.010Z", "rating": 2}}, {"model": "products.review", "pk": 99, "fields": {"product": 188, "content": "okay product", "created_by": 2, "created_at": "2022-07-06T19:07:45.971Z", "rating": 3}}, {"model": "products.review", "pk": 100, "fields": {"product": 189, "content": "good product missing some for the 5 stars", "created_by": 2, "created_at": "2022-07-06T19:08:04.872Z", "rating": 4}}, {"model": "products.review", "pk": 101, "fields": {"product": 203, "content": "okay", "created_by": 2, "created_at": "2022-07-06T19:08:13.924Z", "rating": 3}}, {"model": "products.review", "pk": 102, "fields": {"product": 199, "content": "not good", "created_by": 2, "created_at": "2022-07-06T19:08:20.982Z", "rating": 2}}, {"model": "products.review", "pk": 103, "fields": {"product": 200, "content": "good", "created_by": 2, "created_at": "2022-07-06T19:08:33.462Z", "rating": 4}}, {"model": "products.review", "pk": 104, "fields": {"product": 193, "content": "pritty okay screen.", "created_by": 2, "created_at": "2022-07-07T20:11:56.345Z", "rating": 3}}, {"model": "products.review", "pk": 105, "fields": {"product": 193, "content": "i dont like it", "created_by": 2, "created_at": "2022-07-07T20:12:12.272Z", "rating": 1}}]